{"extensions": {"python.commands": {"wrap_console": {"pdfplumber": "pdfplumber.cli:main"}}, "python.details": {"document_names": {"description": "DESCRIPTION.rst"}}, "python.exports": {"console_scripts": {"pdfplumber": "pdfplumber.cli:main"}}}, "extras": [], "generator": "bdist_wheel (0.30.0)", "metadata_version": "2.0", "name": "pdfplumber", "run_requires": [{"requires": ["chardet", "pdfminer.six (==20200104)", "pillow (>=7.0.0)", "pycryptodome", "unicodecsv (>=0.14.1)", "wand"]}], "summary": "Plumb a PDF for detailed information about each char, rectangle, and line.", "test_requires": [{"requires": ["chardet", "nose", "pandas", "pdfminer.six (==20200104)", "pillow (>=7.0.0)", "pycryptodome", "unicodecsv (>=0.14.1)", "wand"]}], "version": "0.5.22"}